date,users
2022-08-28 15:29:23.618,62
2022-08-28 15:29:50.787,63
2022-08-28 15:29:51.677,64
2022-08-28 15:30:07.433,65
2022-08-28 15:31:16.143,66
2022-08-28 15:31:40.484,67
2022-08-28 15:31:53.922,68
2022-08-28 15:32:32.755,69
2022-08-28 15:32:39.339,70
2022-08-28 15:32:42.262,71
2022-08-28 15:32:46.482,72
2022-08-28 15:32:51.091,73
2022-08-28 15:33:23.013,64
2022-08-28 15:33:27.812,65
2022-08-28 15:33:38.159,65
2022-08-28 15:34:00.022,65
2022-08-28 15:34:26.615,66
2022-08-28 15:34:57.608,67
2022-08-28 15:35:01.389,68
2022-08-28 15:36:54.840,69
2022-08-28 15:37:06.367,70
2022-08-28 15:37:24.869,71
2022-08-28 15:37:55.006,71
2022-08-28 15:38:01.962,61
2022-08-28 15:38:04.743,62
2022-08-28 15:38:24.616,63
2022-08-28 15:38:26.447,63
2022-08-28 15:38:26.540,64
2022-08-28 15:38:26.744,65
2022-08-28 15:39:18.159,66
2022-08-28 15:39:37.756,67
2022-08-28 15:40:32.626,68
2022-08-28 15:40:36.549,68
2022-08-28 15:40:47.098,69
2022-08-28 15:40:49.786,70
2022-08-28 15:40:50.224,71
2022-08-28 15:40:57.586,72
2022-08-28 15:41:29.111,73
2022-08-28 15:41:29.626,74
2022-08-28 15:41:42.498,75
2022-08-28 15:41:43.795,76
2022-08-28 15:41:59.189,77
2022-08-28 15:42:09.985,77
2022-08-28 15:42:33.081,78
2022-08-28 15:42:56.054,79
2022-08-28 15:43:00.853,58
2022-08-28 15:43:04.306,58
2022-08-28 15:43:11.185,59
2022-08-28 15:43:14.047,60
2022-08-28 15:43:20.676,61
2022-08-28 15:43:33.105,62
2022-08-28 15:44:15.923,63
2022-08-28 15:44:23.381,64
2022-08-28 15:44:25.291,64
2022-08-28 15:44:52.720,65
2022-08-28 15:45:03.611,66
2022-08-28 15:45:06.044,67
2022-08-28 15:45:27.066,68
2022-08-28 15:45:30.254,69
2022-08-28 15:45:35.379,70
2022-08-28 15:45:56.782,70
2022-08-28 15:46:25.706,71
2022-08-28 15:46:48.957,72
2022-08-28 15:46:56.364,72
2022-08-28 15:47:01.367,73
2022-08-28 15:47:13.971,74
2022-08-28 15:47:58.177,74
2022-08-28 15:48:21.221,64
2022-08-28 15:48:39.713,65
2022-08-28 15:49:32.031,66
2022-08-28 15:49:36.689,67
2022-08-28 15:50:25.555,68
2022-08-28 15:50:41.533,69
2022-08-28 15:52:53.313,70
2022-08-28 15:53:09.629,55
2022-08-28 15:53:09.972,56
2022-08-28 15:53:52.993,57
2022-08-28 15:54:18.863,58
2022-08-28 15:54:20.644,59
2022-08-28 15:54:21.722,60
2022-08-28 15:55:18.859,61
2022-08-28 15:55:45.952,62
2022-08-28 15:56:08.750,63
2022-08-28 15:56:11.363,64
2022-08-28 15:56:26.814,65
2022-08-28 15:56:36.349,66
2022-08-28 15:56:39.633,67
2022-08-28 15:56:53.552,67
2022-08-28 15:57:34.522,68
2022-08-28 15:58:00.573,69
2022-08-28 15:58:26.494,48
2022-08-28 15:58:27.947,49
2022-08-28 15:58:46.938,50
2022-08-28 15:59:45.627,51
2022-08-28 15:59:48.179,52
2022-08-28 16:00:04.164,53
2022-08-28 16:00:29.227,54
2022-08-28 16:01:29.451,55
2022-08-28 16:02:16.864,55
2022-08-28 16:02:17.833,56
2022-08-28 16:02:18.380,57
2022-08-28 16:02:24.473,58
2022-08-28 16:02:39.378,58
2022-08-28 16:02:48.454,59
2022-08-28 16:02:49.657,60
2022-08-28 16:03:56.984,53
2022-08-28 16:03:59.507,54
2022-08-28 16:04:06.883,55
2022-08-28 16:04:34.897,56
2022-08-28 16:05:13.385,57
2022-08-28 16:06:22.439,58
2022-08-28 16:06:24.310,59
2022-08-28 16:06:47.445,60
2022-08-28 16:06:54.335,61
2022-08-28 16:07:10.999,62
2022-08-28 16:07:21.850,63
2022-08-28 16:07:35.323,64
2022-08-28 16:08:12.182,52
2022-08-28 16:08:12.432,53
2022-08-28 16:08:47.296,54
2022-08-28 16:08:56.684,55
2022-08-28 16:09:10.388,56
2022-08-28 16:09:17.829,57
2022-08-28 16:09:48.714,58
2022-08-28 16:10:03.618,59
2022-08-28 16:10:06.762,60
2022-08-28 16:10:50.745,61
2022-08-28 16:11:13.203,62
2022-08-28 16:11:14.000,63
2022-08-28 16:11:20.367,64
2022-08-28 16:11:33.337,65
2022-08-28 16:11:36.383,66
2022-08-28 16:12:15.318,67
2022-08-28 16:13:00.227,68
2022-08-28 16:13:40.722,58
2022-08-28 16:14:01.531,59
2022-08-28 16:14:14.455,60
2022-08-28 16:14:42.567,61
2022-08-28 16:15:11.931,62
2022-08-28 16:15:14.528,63
2022-08-28 16:16:02.203,64
2022-08-28 16:16:47.111,65
2022-08-28 16:16:50.705,66
2022-08-28 16:17:18.251,67
2022-08-28 16:17:21.518,68
2022-08-28 16:17:24.299,69
2022-08-28 16:17:46.738,70
2022-08-28 16:18:36.285,53
2022-08-28 16:18:48.936,54
2022-08-28 16:19:02.720,55
2022-08-28 16:19:31.807,56
2022-08-28 16:19:37.238,57
2022-08-28 16:20:45.149,58
2022-08-28 16:20:45.711,59
2022-08-28 16:20:56.414,60
2022-08-28 16:22:16.250,61
2022-08-28 16:22:16.781,62
2022-08-28 16:22:38.195,63
2022-08-28 16:22:45.907,64
2022-08-28 16:22:46.907,65
2022-08-28 16:23:31.205,45
2022-08-28 16:24:14.112,46
2022-08-28 16:24:19.335,47
2022-08-28 16:24:21.757,48
2022-08-28 16:24:22.945,49
2022-08-28 16:24:36.610,50
2022-08-28 16:24:54.377,51
2022-08-28 16:25:19.946,52
2022-08-28 16:25:23.097,53
2022-08-28 16:25:37.687,54
2022-08-28 16:28:05.477,45
2022-08-28 16:28:26.251,46
2022-08-28 16:29:46.454,47
2022-08-28 16:30:02.339,48
2022-08-28 16:30:26.493,49
2022-08-28 16:30:31.974,50
2022-08-28 16:30:36.724,51
2022-08-28 16:31:31.271,52
2022-08-28 16:31:32.226,53
2022-08-28 16:31:41.963,54
2022-08-28 16:32:05.870,55
2022-08-28 16:33:16.720,41
2022-08-28 16:34:42.129,42
2022-08-28 16:35:19.381,43
2022-08-28 16:35:27.712,44
2022-08-28 16:35:52.167,45
2022-08-28 16:35:58.236,46
2022-08-28 16:36:11.623,47
2022-08-28 16:36:25.920,48
2022-08-28 16:36:30.727,49
2022-08-28 16:37:49.799,50
2022-08-28 16:37:58.951,51
2022-08-28 16:37:59.185,52
2022-08-28 16:38:04.928,53
2022-08-28 16:38:24.067,40
2022-08-28 16:38:29.138,41
2022-08-28 16:40:50.289,42
2022-08-28 16:41:58.055,43
2022-08-28 16:42:05.106,44
2022-08-28 16:42:06.356,45
2022-08-28 16:42:51.617,46
2022-08-28 16:42:52.321,47
2022-08-28 16:42:54.321,48
2022-08-28 16:43:07.986,38
2022-08-28 16:43:25.478,39
2022-08-28 16:45:05.523,40
2022-08-28 16:45:12.159,41
2022-08-28 16:45:33.177,42
2022-08-28 16:45:44.800,43
2022-08-28 16:45:53.706,44
2022-08-28 16:45:53.863,45
2022-08-28 16:45:54.942,46
2022-08-28 16:45:55.379,47
2022-08-28 16:46:05.614,48
2022-08-28 16:46:18.018,49
2022-08-28 16:46:55.560,50
2022-08-28 16:47:07.296,50
2022-08-28 16:47:17.425,51
2022-08-28 16:47:55.603,52
2022-08-28 16:48:21.943,43
2022-08-28 16:48:56.528,44
2022-08-28 16:49:12.075,45
2022-08-28 16:49:27.716,46
2022-08-28 16:50:52.842,47
2022-08-28 16:50:57.315,48
2022-08-28 16:51:12.576,49
2022-08-28 16:51:20.122,50
2022-08-28 16:51:38.149,51
2022-08-28 16:51:59.949,52
2022-08-28 16:52:27.895,53
2022-08-28 16:52:35.942,54
2022-08-28 16:52:39.536,54
2022-08-28 16:52:46.021,55
2022-08-28 16:52:55.361,56
2022-08-28 16:53:10.564,49
2022-08-28 16:53:30.578,50
2022-08-28 16:53:34.572,51
2022-08-28 16:53:35.244,52
2022-08-28 16:54:05.700,53
2022-08-28 16:54:07.310,54
2022-08-28 16:54:15.231,55
2022-08-28 16:54:15.935,56
2022-08-28 16:54:18.653,57
2022-08-28 16:54:19.639,58
2022-08-28 16:54:34.202,59
2022-08-28 16:55:25.765,60
2022-08-28 16:57:04.525,61
2022-08-28 16:57:18.074,62
2022-08-28 16:57:47.596,63
2022-08-28 16:58:53.583,47
2022-08-28 16:58:59.177,48
2022-08-28 16:59:38.749,49
2022-08-28 17:01:17.969,50
2022-08-28 17:01:20.795,51
2022-08-28 17:01:45.577,52
2022-08-28 17:01:45.609,53
2022-08-28 17:02:21.137,54
2022-08-28 17:02:21.885,55
2022-08-28 17:03:16.971,45
2022-08-28 17:03:50.373,46
2022-08-28 17:04:10.550,47
2022-08-28 17:04:15.817,48
2022-08-28 17:04:21.536,49
2022-08-28 17:04:46.101,50
2022-08-28 17:06:42.416,51
2022-08-28 17:07:17.903,52
2022-08-28 17:07:22.343,53
2022-08-28 17:07:31.999,53
2022-08-28 17:08:45.064,42
2022-08-28 17:09:41.003,43
2022-08-28 17:09:55.581,44
2022-08-28 17:09:59.238,45
2022-08-28 17:10:04.769,45
2022-08-28 17:10:36.770,46
2022-08-28 17:11:02.645,47
2022-08-28 17:11:18.833,48
2022-08-28 17:11:36.302,49
2022-08-28 17:13:26.476,36
2022-08-28 17:13:36.867,37
2022-08-28 17:13:45.757,38
2022-08-28 17:13:51.648,39
2022-08-28 17:14:50.805,40
2022-08-28 17:15:22.821,41
2022-08-28 17:17:23.621,42
2022-08-28 17:17:29.511,43
2022-08-28 17:17:38.543,44
2022-08-28 17:17:54.465,45
2022-08-28 17:18:18.871,37
2022-08-28 17:18:40.277,38
2022-08-28 17:18:44.762,39
2022-08-28 17:19:10.699,40
2022-08-28 17:19:24.996,41
2022-08-28 17:19:43.183,42
2022-08-28 17:19:44.933,43
2022-08-28 17:21:53.568,44
2022-08-28 17:22:13.583,45
2022-08-28 17:22:39.926,46
2022-08-28 17:22:42.895,47
2022-12-02 18:13:36.160,174
2022-12-02 18:13:37.613,175
2022-12-02 18:13:38.816,175
2022-12-02 18:13:40.613,176
2022-12-02 18:13:46.738,176
2022-12-02 18:13:51.067,176
2022-12-02 18:14:06.461,177
2022-12-02 18:14:11.180,178
2022-12-02 18:14:13.899,178
2022-12-02 18:14:21.681,178
2022-12-02 18:14:26.916,179
2022-12-02 18:14:32.761,179
2022-12-02 18:14:36.028,180
2022-12-02 18:14:37.481,181
2022-12-02 18:14:44.202,181
2022-12-02 18:14:47.499,181
2022-12-02 18:14:55.219,181
2022-12-02 18:15:03.708,182
2022-12-02 18:15:04.677,182
2022-12-02 18:15:06.990,183
2022-12-02 18:15:08.771,184
2022-12-02 18:15:20.006,185
2022-12-02 18:15:31.084,186
2022-12-02 18:15:36.741,188
2022-12-02 18:15:43.929,187
2022-12-02 18:15:44.585,188
2022-12-02 18:15:47.663,188
2022-12-02 18:15:51.038,188
2022-12-02 18:15:56.218,188
2022-12-02 18:16:00.718,189
2022-12-02 18:16:02.656,189
2022-12-02 18:16:06.578,190
2022-12-02 18:16:11.941,191
2022-12-02 18:16:16.745,192
2022-12-02 18:16:23.390,192
2022-12-02 18:16:30.533,193
2022-12-02 18:16:39.455,193
2022-12-02 18:16:39.862,194
2022-12-02 18:16:42.096,195
2022-12-02 18:16:47.049,196
2022-12-02 18:16:50.518,197
2022-12-02 18:16:50.737,197
2022-12-02 18:16:52.378,198
2022-12-02 18:16:58.754,199
2022-12-02 18:17:00.972,200
2022-12-02 18:17:12.959,200
2022-12-02 18:17:13.084,201
2022-12-02 18:17:25.882,202
2022-12-02 18:17:25.913,203
2022-12-02 18:17:26.257,204
2022-12-02 18:17:27.803,203
2022-12-02 18:17:36.632,202
2022-12-02 18:17:36.788,203
2022-12-02 18:17:37.398,204
2022-12-02 18:17:38.913,205
2022-12-02 18:17:39.741,206
2022-12-02 18:17:40.163,207
2022-12-02 18:17:45.945,207
2022-12-02 18:17:45.945,208
2022-12-02 18:17:47.039,208
2022-12-02 18:17:48.835,207
2022-12-02 18:17:50.117,208
2022-12-02 18:17:50.148,209
2022-12-02 18:17:51.132,209
2022-12-02 18:17:52.289,210
2022-12-02 18:18:00.559,210
2022-12-02 18:18:01.590,211
2022-12-02 18:18:07.309,211
2022-12-02 18:18:09.309,211
2022-12-02 18:18:13.013,212
2022-12-02 18:18:13.435,213
2022-12-02 18:18:14.060,214
2022-12-02 18:18:19.811,214
2022-12-02 18:18:21.343,186
2022-12-02 18:18:25.452,166
2022-12-02 18:18:26.687,167
2022-12-02 18:18:26.702,168
2022-12-02 18:18:37.786,169
2022-12-02 18:18:37.974,170
2022-12-02 18:18:39.631,169
2022-12-02 18:18:41.146,170
2022-12-02 18:19:00.045,171
2022-12-02 18:19:03.858,171
2022-12-02 18:19:06.030,172
2022-12-02 18:19:13.235,172
2022-12-02 18:19:18.829,173
2022-12-02 18:19:22.235,173
2022-12-02 18:19:29.189,173
2022-12-02 18:19:53.596,174
2022-12-02 18:19:57.349,175
2022-12-02 18:20:02.287,175
2022-12-02 18:20:07.740,176
2022-12-02 18:20:08.068,176
2022-12-02 18:20:23.607,176
2022-12-02 18:20:31.192,177
2022-12-02 18:20:34.834,177
2022-12-02 18:20:39.412,178
2022-12-02 18:20:40.146,179
2022-12-02 18:20:40.490,180
2022-12-02 18:20:44.761,181
2022-12-02 18:20:45.933,182
2022-12-02 18:20:47.918,183
2022-12-02 18:20:57.590,184
2022-12-02 18:20:58.074,185
2022-12-02 18:21:00.481,185
2022-12-02 18:21:11.438,185
2022-12-02 18:21:11.781,186
2022-12-02 18:21:14.391,186
2022-12-02 18:21:15.656,187
2022-12-02 18:21:20.219,187
2022-12-02 18:21:21.407,188
2022-12-02 18:21:31.422,188
2022-12-02 18:21:31.454,189
2022-12-02 18:22:02.100,189
2022-12-02 18:22:02.944,190
2022-12-02 18:22:08.635,191
2022-12-02 18:22:11.557,192
2022-12-02 18:22:12.088,193
2022-12-02 18:22:25.529,193
2022-12-02 18:22:27.075,194
2022-12-02 18:22:28.154,195
2022-12-02 18:22:43.607,195
2022-12-02 18:22:43.669,196
2022-12-02 18:22:43.998,196
2022-12-02 18:22:49.513,197
2022-12-02 18:22:51.404,197
2022-12-02 18:23:14.390,197
2022-12-02 18:23:18.562,198
2022-12-02 18:23:25.613,150
2022-12-02 18:23:31.957,150
2022-12-02 18:23:32.129,151
2022-12-02 18:23:38.176,152
2022-12-02 18:23:38.722,153
2022-12-02 18:23:40.801,153
2022-12-02 18:23:42.957,153
2022-12-02 18:23:43.847,154
2022-12-02 18:23:51.394,155
2022-12-02 18:23:51.550,155
2022-12-02 18:23:53.769,156
2022-12-02 18:24:03.628,157
2022-12-02 18:24:04.879,158
2022-12-02 18:24:05.395,158
2022-12-02 18:24:14.316,158
2022-12-02 18:24:18.153,158
2022-12-02 18:24:21.169,159
2022-12-02 18:24:27.090,159
2022-12-02 18:24:30.653,160
2022-12-02 18:24:54.925,161
2022-12-02 18:24:57.816,162
2022-12-02 18:24:58.472,163
2022-12-02 18:25:00.144,164
2022-12-02 18:25:14.100,165
2022-12-02 18:25:18.303,166
2022-12-02 18:25:20.631,166
2022-12-02 18:25:29.225,165
2022-12-02 18:25:29.803,166
2022-12-02 18:26:04.813,167
2022-12-02 18:26:17.789,168
2022-12-02 18:26:18.211,168
2022-12-02 18:26:18.742,169
2022-12-02 18:26:26.513,169
2022-12-02 18:26:40.486,169
2022-12-02 18:26:47.865,170
2022-12-02 18:27:03.438,171
2022-12-02 18:27:13.173,171
2022-12-02 18:27:16.329,172
2022-12-02 18:27:20.815,173
2022-12-02 18:27:22.253,174
2022-12-02 18:27:25.206,175
2022-12-02 18:27:36.425,176
2022-12-02 18:27:38.393,177
2022-12-02 18:27:44.409,178
2022-12-02 18:27:47.784,178
2022-12-02 18:27:58.771,179
2022-12-02 18:28:00.208,179
2022-12-02 18:28:07.411,180
2022-12-02 18:28:08.489,180
2022-12-02 18:28:10.958,180
2022-12-02 18:28:14.445,180
2022-12-02 18:28:16.728,181
2022-12-02 18:28:17.556,181
2022-12-02 18:28:23.306,182
2022-12-02 18:28:25.511,161
2022-12-02 18:28:26.371,142
2022-12-02 18:28:31.870,133
2022-12-02 18:28:38.745,134
2022-12-02 18:28:43.542,135
2022-12-02 18:28:53.495,136
2022-12-02 18:28:59.573,137
2022-12-02 18:29:00.651,137
2022-12-02 18:29:02.073,138
2022-12-02 18:29:03.589,139
2022-12-02 18:29:11.825,139
2022-12-02 18:29:12.998,140
2022-12-02 18:29:14.201,141
2022-12-02 18:29:15.108,141
2022-12-02 18:29:25.157,142
2022-12-02 18:29:25.298,143
2022-12-02 18:29:25.954,143
2022-12-02 18:29:31.551,143
2022-12-02 18:29:34.223,143
2022-12-02 18:29:34.379,144
2022-12-02 18:29:38.066,145
2022-12-02 18:29:44.990,145
2022-12-02 18:29:45.662,146
2022-12-02 18:29:52.053,146
2022-12-02 18:29:57.867,146
2022-12-02 18:29:58.758,146
2022-12-02 18:29:58.914,147
2022-12-02 18:29:58.914,148
2022-12-02 18:30:09.773,148
2022-12-02 18:30:09.915,149
2022-12-02 18:30:12.445,150
2022-12-02 18:30:16.773,151
2022-12-02 18:30:29.633,152
2022-12-02 18:30:38.446,153
2022-12-02 18:30:38.665,154
2022-12-02 18:30:45.447,154
2022-12-02 18:30:47.307,154
2022-12-02 18:31:10.295,155
2022-12-02 18:31:21.704,155
2022-12-02 18:31:25.735,156
2022-12-02 18:31:30.094,157
2022-12-02 18:31:34.063,157
2022-12-02 18:31:34.360,158
2022-12-02 18:31:39.627,158
2022-12-02 18:31:43.798,159
2022-12-02 18:31:49.721,159
2022-12-02 18:32:03.252,159
2022-12-02 18:32:15.303,160
2022-12-02 18:32:19.490,160
2022-12-02 18:32:25.756,161
2022-12-02 18:32:31.240,161
2022-12-02 18:32:32.287,162
2022-12-02 18:32:35.433,162
2022-12-02 18:32:36.323,163
2022-12-02 18:32:42.888,164
2022-12-02 18:33:01.778,164
2022-12-02 18:33:03.232,165
2022-12-02 18:33:54.245,129
2022-12-02 18:34:03.683,129
2022-12-02 18:34:14.386,130
2022-12-02 18:34:23.667,131
2022-12-02 18:34:30.120,132
2022-12-02 18:34:30.636,133
2022-12-02 18:34:34.573,133
2022-12-02 18:34:38.576,134
2022-12-02 18:34:40.263,135
2022-12-02 18:34:44.921,136
2022-12-02 18:34:47.796,137
2022-12-02 18:34:51.030,138
2022-12-02 18:34:53.313,138
2022-12-02 18:34:59.912,138
2022-12-02 18:35:03.771,139
2022-12-02 18:35:03.881,140
2022-12-02 18:35:06.084,140
2022-12-02 18:35:09.224,140
2022-12-02 18:35:10.302,140
2022-12-02 18:35:10.443,140
2022-12-02 18:35:11.818,141
2022-12-02 18:35:27.460,141
2022-12-02 18:35:42.011,142
2022-12-02 18:35:44.484,142
2022-12-02 18:35:45.297,143
2022-12-02 18:35:49.440,144
2022-12-02 18:35:52.080,145
2022-12-02 18:35:59.268,146
2022-12-02 18:36:00.721,147
2022-12-02 18:36:08.790,148
2022-12-02 18:36:10.774,148
2022-12-02 18:36:11.180,149
2022-12-02 18:36:18.921,150
2022-12-02 18:36:26.296,151
2022-12-02 18:36:27.905,152
2022-12-02 18:36:32.972,152
2022-12-02 18:36:35.707,153
2022-12-02 18:36:40.285,154
2022-12-02 18:36:45.426,154
2022-12-02 18:36:50.412,155
2022-12-02 18:36:50.506,156
2022-12-02 18:36:56.974,157
2022-12-02 18:36:57.693,157
2022-12-02 18:37:01.678,158
2022-12-02 18:37:08.771,159
2022-12-02 18:37:10.412,159
2022-12-02 18:37:17.399,159
2022-12-02 18:37:17.696,159
2022-12-02 18:37:18.868,159
2022-12-02 18:37:27.665,159
2022-12-02 18:37:31.713,160
2022-12-02 18:37:41.302,161
2022-12-02 18:37:47.879,161
2022-12-02 18:37:49.222,161
2022-12-02 18:38:06.926,161
2022-12-02 18:38:18.576,162
2022-12-02 18:38:29.719,139
2022-12-02 18:38:31.609,126
2022-12-02 18:38:38.703,127
2022-12-02 18:38:41.641,127
2022-12-02 18:38:42.313,128
2022-12-02 18:39:02.909,128
2022-12-02 18:39:08.924,129
2022-12-02 18:39:32.734,130
2022-12-02 18:39:42.203,130
2022-12-02 18:39:47.469,131
2022-12-02 18:39:50.172,132
2022-12-02 18:39:50.703,133
2022-12-02 18:39:55.000,134
2022-12-02 18:39:58.719,135
2022-12-02 18:40:02.625,135
2022-12-02 18:40:03.625,135
2022-12-02 18:40:24.830,136
2022-12-02 18:40:29.394,136
2022-12-02 18:40:31.206,136
2022-12-02 18:40:45.041,137
2022-12-02 18:40:55.338,137
2022-12-02 18:41:08.228,137
2022-12-02 18:41:14.527,138
2022-12-02 18:41:29.967,139
2022-12-02 18:41:36.639,139
2022-12-02 18:41:41.466,140
2022-12-02 18:41:53.075,140
2022-12-02 18:41:59.809,141
2022-12-02 18:42:16.466,142
2022-12-02 18:42:29.140,143
2022-12-02 18:43:04.112,144
2022-12-02 18:43:08.315,145
2022-12-02 18:43:11.987,145
2022-12-02 18:43:18.940,146
2022-12-02 18:43:23.783,147
2022-12-02 18:43:35.036,108
2022-12-02 18:43:37.880,109
2022-12-02 18:43:40.380,110
2022-12-02 18:44:02.329,111
2022-12-02 18:44:17.474,112
2022-12-02 18:45:01.212,113
2022-12-02 18:45:22.869,114
2022-12-02 18:45:50.310,115
2022-12-02 18:46:01.778,116
2022-12-02 18:46:03.372,116
2022-12-02 18:46:03.575,117
2022-12-02 18:46:11.418,118
2022-12-02 18:46:12.528,119
2022-12-02 18:46:17.938,119
2022-12-02 18:46:20.922,119
2022-12-02 18:46:22.110,119
2022-12-02 18:46:22.329,120
2022-12-02 18:46:27.344,121
2022-12-02 18:46:35.316,121
2022-12-02 18:46:39.081,122
2022-12-02 18:46:43.602,122
2022-12-02 18:46:44.165,123
2022-12-02 18:46:49.526,124
2022-12-02 18:46:50.604,124
2022-12-02 18:47:02.214,124
2022-12-02 18:47:08.843,124
2022-12-02 18:47:12.642,125
2022-12-02 18:47:21.408,126
2022-12-02 18:47:35.255,127
2022-12-02 18:47:42.100,127
2022-12-02 18:47:43.006,128
2022-12-02 18:47:46.865,129
2022-12-02 18:47:48.638,129
2022-12-02 18:47:55.247,130
2022-12-02 18:47:57.356,131
2022-12-02 18:48:02.200,132
2022-12-02 18:48:25.515,132
2022-12-02 18:48:27.983,133
2022-12-02 18:48:38.530,96
2022-12-02 18:48:51.124,97
2022-12-02 18:49:09.299,97
2022-12-02 18:49:10.893,98
2022-12-02 18:49:20.190,99
2022-12-02 18:49:23.524,100
2022-12-02 18:49:33.985,101
2022-12-02 18:49:43.831,102
2022-12-02 18:49:48.471,103
2022-12-02 18:49:53.271,104
2022-12-02 18:49:53.849,104
2022-12-02 18:50:35.324,105
2022-12-02 18:50:36.730,106
2022-12-02 18:50:53.659,106
2022-12-02 18:51:06.670,107
2022-12-02 18:51:21.893,107
2022-12-02 18:51:58.661,108
2022-12-02 18:51:59.051,109
2022-12-02 18:52:09.013,110
2022-12-02 18:52:15.419,111
2022-12-02 18:52:16.169,112
2022-12-02 18:52:28.510,113
2022-12-02 18:52:33.182,114
2022-12-02 18:52:44.762,114
2022-12-02 18:53:29.052,115
2022-12-02 18:53:37.695,91
2022-12-02 18:53:42.757,92
2022-12-02 18:53:59.806,92
2022-12-02 18:54:24.016,93
2022-12-02 18:54:27.766,94
2022-12-02 18:54:37.250,95
2022-12-02 18:54:38.453,96
2022-12-02 18:55:16.738,97
2022-12-02 18:55:33.686,98
2022-12-02 18:55:38.467,98
2022-12-02 18:55:41.827,98
2022-12-02 18:55:43.717,98
2022-12-02 18:55:49.842,99
2022-12-02 18:55:52.124,100
2022-12-02 18:55:54.905,100
2022-12-02 18:56:04.217,100
2022-12-02 18:56:14.170,100
2022-12-02 18:56:31.751,101
2022-12-02 18:56:38.079,102
2022-12-02 18:56:42.376,103
2022-12-02 18:56:44.110,104
2022-12-02 18:56:47.532,104
2022-12-02 18:56:54.494,105
2022-12-02 18:57:11.527,106
2022-12-02 18:57:12.605,107
2022-12-02 18:57:22.522,107
2022-12-02 18:57:32.891,108
2022-12-02 18:57:41.407,109
2022-12-02 18:57:50.110,110
2022-12-02 18:57:51.923,111
2022-12-02 18:57:53.224,111
2022-12-02 18:57:58.318,111
2022-12-02 18:58:15.618,112
2022-12-02 18:58:26.766,113
2022-12-02 18:58:45.569,89
2022-12-02 18:58:51.914,90
2022-12-02 18:58:58.310,91
2022-12-02 18:59:04.529,91
2022-12-02 18:59:06.826,92
2022-12-02 18:59:11.703,92
2022-12-02 18:59:25.235,93
2022-12-02 18:59:27.235,94
2022-12-02 18:59:35.917,94
2022-12-02 18:59:36.949,95
2022-12-02 18:59:56.643,95
2022-12-02 19:00:03.160,96
2022-12-02 19:00:05.566,97
2022-12-02 19:00:35.916,98
2022-12-02 19:00:45.564,99
2022-12-02 19:00:49.752,100
2022-12-02 19:00:52.034,101
2022-12-02 19:00:57.254,102
2022-12-02 19:01:06.068,102
2022-12-02 19:01:16.540,103
2022-12-02 19:01:21.962,103
2022-12-02 19:01:29.680,104
2022-12-02 19:01:31.118,105
2022-12-02 19:01:36.118,106
2022-12-02 19:01:37.228,107
2022-12-02 19:01:37.542,108
2022-12-02 19:01:44.526,108
2022-12-02 19:01:49.544,108
2022-12-02 19:01:50.950,108
2022-12-02 19:01:58.278,109
2022-12-02 19:02:04.736,110
2022-12-02 19:02:06.864,111
2022-12-02 19:02:09.239,112
2022-12-02 19:02:10.896,112
2022-12-02 19:02:10.958,113
2022-12-02 19:02:11.865,114
2022-12-02 19:02:18.552,114
2022-12-02 19:02:21.084,115
2022-12-02 19:02:31.884,116
2022-12-02 19:02:41.892,116
2022-12-02 19:02:43.518,117
2022-12-02 19:02:46.706,118
2022-12-02 19:02:58.948,119
2022-12-02 19:03:12.156,120
2022-12-02 19:03:39.096,92
2022-12-02 19:03:44.661,93
2022-12-02 19:03:53.850,94
2022-12-02 19:03:55.506,95
2022-12-02 19:04:03.225,95
2022-12-02 19:04:03.663,96
2022-12-02 19:04:15.053,97
2022-12-02 19:04:19.460,97
2022-12-02 19:04:19.600,98
2022-12-02 19:04:24.538,99
2022-12-02 19:04:27.007,99
2022-12-02 19:04:28.053,100
2022-12-02 19:04:28.725,101
2022-12-02 19:04:33.914,102
2022-12-02 19:04:47.258,103
2022-12-02 19:05:01.205,104
2022-12-02 19:05:09.429,105
2022-12-02 19:05:10.476,106
2022-12-02 19:05:13.195,107
2022-12-02 19:05:20.494,107
2022-12-02 19:05:30.525,108
2022-12-02 19:05:42.762,109
2022-12-02 19:05:43.090,110
2022-12-02 19:05:46.952,111
2022-12-02 19:06:02.700,111
2022-12-02 19:06:04.044,112
2022-12-02 19:06:04.512,113
2022-12-02 19:06:20.515,114
2022-12-02 19:06:25.203,114
2022-12-02 19:06:29.345,115
2022-12-02 19:06:32.470,116
2022-12-02 19:06:46.212,116
2022-12-02 19:06:46.321,117
2022-12-02 19:06:52.977,117
2022-12-02 19:06:57.602,118
2022-12-02 19:06:58.665,118
2022-12-02 19:07:08.634,118
2022-12-02 19:07:21.106,119
2022-12-02 19:07:22.418,119
2022-12-02 19:07:33.523,120
2022-12-02 19:07:56.856,120
2022-12-02 19:07:57.215,121
2022-12-02 19:08:01.903,121
2022-12-02 19:08:02.482,121
2022-12-02 19:08:44.503,103
2022-12-02 19:08:47.284,104
2022-12-02 19:09:01.488,105
2022-12-02 19:09:05.472,105
2022-12-02 19:09:14.837,105
2022-12-02 19:09:29.733,106
2022-12-02 19:09:50.914,107
2022-12-02 19:09:53.898,108
2022-12-02 19:10:06.414,109
2022-12-02 19:10:11.617,110
2022-12-02 19:10:36.242,111
2022-12-02 19:10:37.367,111
2022-12-02 19:10:45.590,111
2022-12-02 19:10:58.611,112
2022-12-02 19:11:12.595,113
2022-12-02 19:11:16.064,114
2022-12-02 19:11:18.345,115
2022-12-02 19:11:19.879,115
2022-12-02 19:11:21.832,116
2022-12-02 19:11:25.192,117
2022-12-02 19:11:46.426,117
2022-12-02 19:11:47.585,118
2022-12-02 19:11:50.663,119
2022-12-02 19:11:51.366,120
2022-12-02 19:11:52.413,121
2022-12-02 19:11:56.147,122
2022-12-02 19:11:58.522,122
2022-12-02 19:12:01.975,123
2022-12-02 19:12:30.510,124
2022-12-02 19:12:34.323,124
2022-12-02 19:12:44.049,125
2022-12-02 19:12:56.252,125
2022-12-02 19:12:59.955,126
2022-12-02 19:13:17.980,127
2022-12-02 19:13:24.558,127
2022-12-02 19:13:30.855,128
2022-12-02 19:14:02.446,97
2022-12-02 19:14:04.321,98
2022-12-02 19:14:09.352,99
2022-12-02 19:14:14.774,100
2022-12-02 19:14:15.633,101
2022-12-02 19:14:16.712,102
2022-12-02 19:14:21.477,103
2022-12-02 19:14:22.524,104
2022-12-02 19:14:41.026,105
2022-12-02 19:14:47.104,106
2022-12-02 19:14:55.168,107
2022-12-02 19:15:35.822,108
2022-12-02 19:15:48.205,109
2022-12-02 19:16:06.684,110
2022-12-02 19:16:26.014,111
2022-12-02 19:16:27.594,111
2022-12-02 19:16:34.553,112
2022-12-02 19:16:38.349,113
2022-12-02 19:16:39.523,114
2022-12-02 19:16:43.430,115
2022-12-02 19:17:03.628,116
2022-12-02 19:17:09.630,117
2022-12-02 19:17:27.899,117
2022-12-02 19:17:32.508,118
2022-12-02 19:17:51.668,119
2022-12-02 19:18:03.117,119
2022-12-02 19:18:08.679,120
2022-12-02 19:18:29.920,121
2022-12-02 19:18:30.155,122
2022-12-02 19:18:35.623,123
2022-12-02 19:18:44.295,89
2022-12-02 19:18:50.561,90
2022-12-02 19:18:51.248,90
2022-12-02 19:18:55.500,91
2022-12-02 19:18:57.441,92
2022-12-02 19:18:59.504,93
2022-12-02 19:19:01.223,94
2022-12-02 19:19:01.801,94
2022-12-02 19:19:07.301,95
2022-12-02 19:19:08.223,96
2022-12-02 19:19:18.334,96
2022-12-02 19:19:18.459,97
2022-12-02 19:19:23.084,98
2022-12-02 19:19:34.153,98
2022-12-02 19:19:43.816,98
2022-12-02 19:19:49.068,99
2022-12-02 19:19:51.177,100
2022-12-02 19:19:53.053,101
2022-12-02 19:19:54.272,102
2022-12-02 19:19:56.647,102
2022-12-02 19:20:02.070,103
2022-12-02 19:20:06.527,104
2022-12-02 19:20:08.042,105
2022-12-02 19:20:14.261,105
2022-12-02 19:20:16.402,105
2022-12-02 19:20:16.542,105
2022-12-02 19:20:16.636,106
2022-12-02 19:20:20.464,107
2022-12-02 19:20:26.574,106
2022-12-02 19:20:27.292,107
2022-12-02 19:20:42.085,107
2022-12-02 19:20:55.521,108
2022-12-02 19:20:58.005,108
2022-12-02 19:20:58.817,109
2022-12-02 19:21:03.523,109
2022-12-02 19:21:06.710,109
2022-12-02 19:21:08.538,110
2022-12-02 19:21:14.976,110
2022-12-02 19:21:18.057,111
2022-12-02 19:21:23.902,112
2022-12-02 19:21:27.167,113
2022-12-02 19:21:31.886,114
2022-12-02 19:21:39.215,115
2022-12-02 19:21:41.387,116
2022-12-02 19:21:46.824,116
2022-12-02 19:21:55.061,117
2022-12-02 19:21:56.983,118
2022-12-02 19:22:02.551,118
2022-12-02 19:22:28.461,119
2022-12-02 19:22:29.962,120
2022-12-02 19:22:39.682,121
2022-12-02 19:22:43.120,122
2022-12-02 19:22:56.214,123
2022-12-02 19:23:03.979,124
2022-12-02 19:23:08.651,124
2022-12-02 19:23:12.635,125
2022-12-02 19:23:23.564,125
2022-12-02 19:23:59.119,98
2022-12-02 19:24:05.682,99
2022-12-02 19:24:07.651,100
2022-12-02 19:24:08.901,101
2022-12-02 19:24:20.000,101
2022-12-02 19:24:24.125,101
2022-12-02 19:24:30.723,101
2022-12-02 19:24:40.603,102
2022-12-02 19:24:45.993,102
2022-12-02 19:24:54.696,103
2022-12-02 19:25:02.198,104
2022-12-02 19:25:08.340,105
2022-12-02 19:25:10.508,106
2022-12-02 19:25:18.023,107
2022-12-02 19:25:18.258,107
2022-12-02 19:25:20.586,107
2022-12-02 19:25:23.398,107
2022-12-02 19:25:25.680,107
2022-12-02 19:25:42.483,107
2022-12-02 19:25:47.264,107
2022-12-02 19:26:00.817,108
2022-12-02 19:26:22.944,109
2022-12-02 19:26:24.897,109
2022-12-02 19:26:43.544,109
2022-12-02 19:26:46.953,110
2022-12-02 19:26:48.376,111
2022-12-02 19:26:53.081,111
2022-12-02 19:27:11.628,112
2022-12-02 19:27:11.988,112
2022-12-02 19:27:38.741,113
2022-12-02 19:27:46.591,113
2022-12-02 19:27:49.716,114
2022-12-02 19:28:27.296,115
2022-12-02 19:28:35.593,116
2022-12-02 19:28:46.093,89
2022-12-02 19:28:50.172,90
2022-12-02 19:28:55.986,90
2022-12-02 19:28:57.017,91
2022-12-02 19:28:59.380,92
2022-12-02 19:29:11.151,92
2022-12-02 19:29:13.779,93
2022-12-02 19:29:22.091,93
2022-12-02 19:29:34.453,94
2022-12-02 19:29:38.875,94
2022-12-02 19:29:38.968,94
2022-12-02 19:29:40.546,95
2022-12-02 19:29:41.500,95
2022-12-02 19:29:47.924,95
2022-12-02 19:29:50.096,96
2022-12-02 19:30:20.747,97
2022-12-02 19:30:36.656,98
2022-12-02 19:30:39.015,99
2022-12-02 19:31:06.582,100
2022-12-02 19:31:10.066,101
2022-12-02 19:31:13.082,102
2022-12-02 19:31:20.660,103
2022-12-02 19:31:24.208,103
2022-12-02 19:31:29.740,104
2022-12-02 19:31:39.508,104
2022-12-02 19:31:54.727,105
2022-12-02 19:31:54.899,106
2022-12-02 19:32:34.707,107
2022-12-02 19:32:39.725,106
2022-12-02 19:32:40.647,106
2022-12-02 19:32:41.444,107
2022-12-02 19:32:43.523,107
2022-12-02 19:32:51.680,108
2022-12-02 19:33:00.233,108
2022-12-02 19:33:07.218,109
2022-12-02 19:33:09.765,110
2022-12-02 19:33:19.219,111
2022-12-02 19:33:29.657,112
2022-12-02 19:33:38.220,112
2022-12-02 19:33:55.905,81
2022-12-02 19:34:02.108,81
2022-12-02 19:34:07.817,82
2022-12-02 19:34:07.863,82
2022-12-02 19:34:09.288,83
2022-12-02 19:34:14.022,84
2022-12-02 19:34:15.507,85
2022-12-02 19:34:20.116,85
2022-12-02 19:34:28.304,85
2022-12-02 19:34:36.213,86
2022-12-02 19:34:40.323,86
2022-12-02 19:34:45.151,86
2022-12-02 19:34:49.542,87
2022-12-02 19:35:18.053,88
2022-12-02 19:35:26.100,88
2022-12-02 19:35:33.023,88
2022-12-02 19:35:33.601,89
2022-12-02 19:35:43.822,90
2022-12-02 19:35:53.416,90
2022-12-02 19:36:03.214,91
2022-12-02 19:36:18.965,91
2022-12-02 19:36:19.387,91
2022-12-02 19:36:23.997,92
2022-12-02 19:36:25.282,93
2022-12-02 19:36:28.142,94
2022-12-02 19:36:33.378,94
2022-12-02 19:36:37.378,94
2022-12-02 19:36:37.675,95
2022-12-02 19:36:43.394,96
2022-12-02 19:37:05.974,97
2022-12-02 19:37:09.568,98
2022-12-02 19:37:10.662,99
2022-12-02 19:37:14.350,99
2022-12-02 19:37:19.022,100
2022-12-02 19:37:19.709,100
2022-12-02 19:37:27.991,101
2022-12-02 19:37:28.804,102
2022-12-02 19:37:55.374,103
2022-12-02 19:38:01.610,104
2022-12-02 19:38:02.032,105
2022-12-02 19:38:14.065,106
2022-12-02 19:38:17.253,107
2022-12-02 19:38:20.612,108
2022-12-02 19:38:22.378,109
2022-12-02 19:38:24.628,109
2022-12-02 19:38:30.947,109
2022-12-02 19:38:46.040,90
2022-12-02 19:38:46.977,90
2022-12-02 19:39:01.406,90
2022-12-02 19:39:02.549,90
2022-12-02 19:39:11.604,91
2022-12-02 19:39:17.151,91
2022-12-02 19:39:22.354,91
2022-12-02 19:39:31.746,92
2022-12-02 19:39:39.419,93
2022-12-02 19:39:41.717,94
2022-12-02 19:39:46.238,95
2022-12-02 19:39:55.234,95
2022-12-02 19:39:56.203,95
2022-12-02 19:40:06.254,96
2022-12-02 19:40:18.260,97
2022-12-02 19:40:24.416,98
2022-12-02 19:40:41.294,99
2022-12-02 19:40:45.035,100
2022-12-02 19:41:28.650,101
2022-12-02 19:41:36.697,101
2022-12-02 19:41:39.432,101
2022-12-02 19:41:43.529,102
2022-12-02 19:41:47.516,104
2022-12-02 19:41:58.064,103
2022-12-02 19:42:12.409,104
2022-12-02 19:42:27.444,105
2022-12-02 19:42:34.913,105
2022-12-02 19:42:40.476,106
2022-12-02 19:42:44.041,107
2022-12-02 19:42:45.603,108
2022-12-02 19:42:48.811,109
2022-12-02 19:42:50.031,110
2022-12-02 19:43:00.963,111
2022-12-02 19:43:00.978,112
2022-12-02 19:43:01.135,113
2022-12-02 19:43:21.150,113
2022-12-02 19:43:42.135,114
2022-12-02 19:43:42.416,114
2022-12-02 19:43:43.447,114
2022-12-02 19:43:52.260,91
2022-12-02 19:43:55.420,92
2022-12-02 19:43:57.829,92
2022-12-02 19:44:12.207,93
2022-12-02 19:44:17.191,93
2022-12-02 19:44:26.881,94
2022-12-02 19:44:30.637,95
2022-12-02 19:44:37.001,96
2022-12-02 19:44:41.704,96
2022-12-02 19:45:04.540,97
2022-12-02 19:45:14.951,98
2022-12-02 19:45:28.485,98
2022-12-02 19:45:28.860,99
2022-12-02 19:45:35.426,99
2022-12-02 19:45:36.822,100
2022-12-02 19:45:38.603,101
2022-12-02 19:45:41.181,102
2022-12-02 19:46:01.247,103
2022-12-02 19:46:10.751,104
2022-12-02 19:46:28.209,105
2022-12-02 19:46:34.709,106
2022-12-02 19:46:36.741,107
2022-12-02 19:46:40.741,108
2022-12-02 19:46:49.344,109
2022-12-02 19:46:51.408,110
2022-12-02 19:46:52.986,110
2022-12-02 19:46:55.753,110
2022-12-02 19:47:04.385,111
2022-12-02 19:47:35.999,112
2022-12-02 19:47:39.406,113
2022-12-02 19:47:40.500,114
2022-12-02 19:47:40.500,115
2022-12-02 19:47:47.735,116
2022-12-02 19:47:53.034,116
2022-12-02 19:47:53.582,116
2022-12-02 19:47:53.881,117
2022-12-02 19:47:59.677,117
2022-12-02 19:48:19.338,118
2022-12-02 19:48:21.572,118
2022-12-02 19:48:31.797,118
2022-12-02 19:48:34.094,119
2022-12-02 19:48:40.016,119
2022-12-02 19:48:58.659,94
2022-12-02 19:48:59.487,95
2022-12-02 19:49:06.707,95
2022-12-02 19:49:24.745,96
2022-12-02 19:49:25.026,97
2022-12-02 19:49:47.901,98
2022-12-02 19:50:01.667,99
2022-12-02 19:50:06.949,100
2022-12-02 19:50:09.340,100
2022-12-02 19:50:16.486,101
2022-12-02 19:50:21.721,101
2022-12-02 19:50:28.292,101
2022-12-02 19:50:40.416,102
2022-12-02 19:50:41.079,103
2022-12-02 19:50:46.301,103
2022-12-02 19:50:58.412,104
2022-12-02 19:51:19.448,104
2022-12-02 19:51:29.588,104
2022-12-02 19:51:43.635,104
2022-12-02 19:52:34.014,105
2022-12-02 19:52:47.875,105
2022-12-02 19:53:09.691,106
2022-12-02 19:53:12.695,107
2022-12-02 19:53:19.215,108
2022-12-02 19:53:21.231,109
2022-12-02 19:53:23.238,110
2022-12-02 19:53:23.425,111
2022-12-02 19:53:35.491,111
2022-12-02 19:53:40.866,111
2022-12-02 19:53:40.975,112
2022-12-02 19:53:42.178,113
2022-12-02 19:53:43.913,113
2022-12-02 19:53:48.007,92
2022-12-02 19:53:48.413,93
2022-12-02 19:53:49.022,94
2022-12-02 19:53:49.569,94
2022-12-02 19:53:49.725,95
2022-12-02 19:53:49.866,96
2022-12-02 19:53:53.022,97
2022-12-02 19:53:54.899,97
2022-12-02 19:54:02.000,97
2022-12-02 19:54:06.203,98
2022-12-02 19:54:32.636,99
2022-12-02 19:54:34.340,99
2022-12-02 19:54:49.807,100
2022-12-02 19:54:51.542,101
2022-12-02 19:54:56.043,100
2022-12-02 19:54:58.793,101
2022-12-02 19:55:03.043,102
2022-12-02 19:55:10.295,103
2022-12-02 19:55:15.529,104
2022-12-02 19:55:21.451,104
2022-12-02 19:55:23.920,104
2022-12-02 19:55:26.477,104
2022-12-02 19:55:33.383,105
2022-12-02 19:55:33.837,106
2022-12-02 19:55:41.807,107
2022-12-02 19:55:42.057,108
2022-12-02 19:56:01.047,109
2022-12-02 19:56:02.390,109
2022-12-02 19:56:21.617,110
2022-12-02 19:56:23.492,111
2022-12-02 19:56:35.930,112
2022-12-02 19:56:45.289,112
2022-12-02 19:56:52.870,113
2022-12-02 19:56:56.872,114
2022-12-02 19:57:20.700,114
2022-12-02 19:57:20.857,115
2022-12-02 19:57:37.031,116
2022-12-02 19:57:37.031,116
2022-12-02 19:57:37.672,117
2022-12-02 19:57:40.969,118
2022-12-02 19:57:41.484,119
2022-12-02 19:57:45.219,120
2022-12-02 19:57:49.687,120
2022-12-02 19:57:53.095,121
2022-12-02 19:57:53.642,122
2022-12-02 19:58:20.021,122
2022-12-02 19:58:32.021,122
2022-12-02 19:58:35.740,123
2022-12-02 19:58:43.162,123
2022-12-02 19:59:03.615,96
2022-12-02 19:59:20.383,96
2022-12-02 19:59:25.321,97
2022-12-02 19:59:25.649,98
2022-12-02 19:59:29.434,99
2022-12-02 19:59:44.928,100
2022-12-02 19:59:54.977,101
2022-12-02 19:59:57.414,102
2022-12-02 20:00:01.180,103
2022-12-02 20:00:02.289,104
2022-12-02 20:00:13.961,104
2022-12-02 20:00:18.430,105
2022-12-02 20:00:24.258,105
2022-12-02 20:00:28.649,106
2022-12-02 20:00:33.227,106
2022-12-02 20:00:40.089,107
2022-12-02 20:00:53.605,108
2022-12-02 20:01:00.126,109
2022-12-02 20:01:03.987,110
2022-12-02 20:01:09.221,110
2022-12-02 20:01:12.213,110
2022-12-02 20:01:14.463,110
2022-12-02 20:01:17.323,111
2022-12-02 20:01:18.760,112
2022-12-02 20:01:24.309,112
2022-12-02 17:47:49.042,393
2022-12-02 17:47:50.496,392
2022-12-02 17:47:51.246,393
2022-12-02 17:47:54.781,393
2022-12-02 17:47:59.609,394
2022-12-02 17:47:59.671,395
2022-12-02 17:48:00.578,395
2022-12-02 17:48:05.937,314
2022-12-02 17:48:08.359,314
2022-12-02 17:48:08.499,315
2022-12-02 17:48:13.797,315
2022-12-02 17:48:15.016,316
2022-12-02 17:48:15.047,317
2022-12-02 17:48:16.188,319
2022-12-02 17:48:19.172,319
2022-12-02 17:48:20.844,319
2022-12-02 17:48:22.297,320
2022-12-02 17:48:23.438,321
2022-12-02 17:48:23.579,321
2022-12-02 17:48:23.594,321
2022-12-02 17:48:29.110,318
2022-12-02 17:48:30.094,319
2022-12-02 17:48:30.875,320
2022-12-02 17:48:32.735,321
2022-12-02 17:48:35.532,322
2022-12-02 17:48:36.703,322
2022-12-02 17:48:37.360,323
2022-12-02 17:48:38.641,323
2022-12-02 17:48:40.469,323
2022-12-02 17:48:45.597,324
2022-12-02 17:48:45.675,325
2022-12-02 17:48:46.269,325
2022-12-02 17:48:50.785,325
2022-12-02 17:48:53.660,326
2022-12-02 17:48:55.114,326
2022-12-02 17:48:57.099,326
2022-12-02 17:48:57.380,326
2022-12-02 17:49:00.522,327
2022-12-02 17:49:00.772,327
2022-12-02 17:49:10.678,327
2022-12-02 17:49:14.147,327
2022-12-02 17:49:20.600,328
2022-12-02 17:49:20.709,329
2022-12-02 17:49:22.834,329
2022-12-02 17:49:24.490,330
2022-12-02 17:49:31.602,330
2022-12-02 17:49:34.945,330
2022-12-02 17:49:35.445,332
2022-12-02 17:49:38.289,331
2022-12-02 17:49:38.445,332
2022-12-02 17:49:39.478,333
2022-12-02 17:49:39.978,334
2022-12-02 17:49:40.197,335
2022-12-02 17:49:43.634,336
2022-12-02 17:49:47.618,337
2022-12-02 17:49:49.071,337
2022-12-02 17:49:50.337,337
2022-12-02 17:49:53.993,337
2022-12-02 17:49:56.728,339
2022-12-02 17:49:58.040,337
2022-12-02 17:49:58.853,338
2022-12-02 17:50:01.915,339
2022-12-02 17:50:06.414,339
2022-12-02 17:50:09.539,338
2022-12-02 17:50:09.617,339
2022-12-02 17:50:10.054,340
2022-12-02 17:50:10.211,340
2022-12-02 17:50:11.211,341
2022-12-02 17:50:15.413,341
2022-12-02 17:50:17.851,342
2022-12-02 17:50:20.397,342
2022-12-02 17:50:22.459,341
2022-12-02 17:50:23.069,343
2022-12-02 17:50:24.584,342
2022-12-02 17:50:27.789,343
2022-12-02 17:50:32.819,341
2022-12-02 17:50:33.272,342
2022-12-02 17:50:33.788,343
2022-12-02 17:50:37.319,344
2022-12-02 17:50:38.850,345
2022-12-02 17:50:39.428,346
2022-12-02 17:50:39.631,347
2022-12-02 17:50:40.069,348
2022-12-02 17:50:41.475,348
2022-12-02 17:50:42.209,349
2022-12-02 17:50:44.662,349
2022-12-02 17:50:46.568,349
2022-12-02 17:50:46.724,350
2022-12-02 17:50:46.881,351
2022-12-02 17:50:54.849,351
2022-12-02 17:50:58.598,351
2022-12-02 17:50:59.692,351
2022-12-02 17:51:01.051,351
2022-12-02 17:51:02.208,351
2022-12-02 17:51:02.629,351
2022-12-02 17:51:02.958,352
2022-12-02 17:51:06.036,352
2022-12-02 17:51:09.285,352
2022-12-02 17:51:10.254,352
2022-12-02 17:51:15.488,352
2022-12-02 17:51:15.722,352
2022-12-02 17:51:17.019,352
2022-12-02 17:51:17.238,353
2022-12-02 17:51:17.472,353
2022-12-02 17:51:19.800,354
2022-12-02 17:51:20.159,354
2022-12-02 17:51:22.488,355
2022-12-02 17:51:23.269,355
2022-12-02 17:51:32.534,356
2022-12-02 17:51:32.675,356
2022-12-02 17:51:39.878,356
2022-12-02 17:51:40.940,357
2022-12-02 17:51:50.065,356
2022-12-02 17:51:51.158,357
2022-12-02 17:51:53.205,357
2022-12-02 17:51:54.908,358
2022-12-02 17:51:57.533,358
2022-12-02 17:52:02.864,359
2022-12-02 17:52:03.817,359
2022-12-02 17:52:10.801,360
2022-12-02 17:52:10.848,360
2022-12-02 17:52:11.067,360
2022-12-02 17:52:14.097,359
2022-12-02 17:52:14.722,360
2022-12-02 17:52:17.300,360
2022-12-02 17:52:18.581,361
2022-12-02 17:52:19.347,362
2022-12-02 17:52:25.628,362
2022-12-02 17:52:37.831,362
2022-12-02 17:52:41.223,363
2022-12-02 17:52:43.036,364
2022-12-02 17:52:44.238,365
2022-12-02 17:52:55.222,365
2022-12-02 17:53:05.410,343
2022-12-02 17:53:09.362,277
2022-12-02 17:53:10.097,278
2022-12-02 17:53:14.628,278
2022-12-02 17:53:14.643,279
2022-12-02 17:53:16.706,280
2022-12-02 17:53:18.581,278
2022-12-02 17:53:18.862,279
2022-12-02 17:53:20.003,280
2022-12-02 17:53:22.924,279
2022-12-02 17:53:23.018,280
2022-12-02 17:53:23.331,281
2022-12-02 17:53:26.940,281
2022-12-02 17:53:28.987,281
2022-12-02 17:53:33.549,281
2022-12-02 17:53:36.611,281
2022-12-02 17:53:37.174,282
2022-12-02 17:53:39.971,283
2022-12-02 17:53:41.033,283
2022-12-02 17:53:45.674,283
2022-12-02 17:53:50.986,283
2022-12-02 17:53:51.080,283
2022-12-02 17:53:52.392,284
2022-12-02 17:53:58.065,284
2022-12-02 17:53:58.378,285
2022-12-02 17:54:03.956,285
2022-12-02 17:54:06.659,285
2022-12-02 17:54:09.268,286
2022-12-02 17:54:10.159,287
2022-12-02 17:54:11.643,287
2022-12-02 17:54:18.067,288
2022-12-02 17:54:23.551,288
2022-12-02 17:54:25.379,288
2022-12-02 17:54:34.645,289
2022-12-02 17:54:34.988,290
2022-12-02 17:54:35.332,290
2022-12-02 17:54:35.488,291
2022-12-02 17:54:35.613,292
2022-12-02 17:54:35.691,293
2022-12-02 17:54:38.316,294
2022-12-02 17:54:42.644,294
2022-12-02 17:54:43.816,294
2022-12-02 17:54:43.832,294
2022-12-02 17:54:44.300,295
2022-12-02 17:54:48.504,295
2022-12-02 17:54:50.270,295
2022-12-02 17:54:53.567,295
2022-12-02 17:54:56.551,296
2022-12-02 17:54:58.161,297
2022-12-02 17:55:04.051,298
2022-12-02 17:55:17.348,299
2022-12-02 17:55:18.098,300
2022-12-02 17:55:20.035,300
2022-12-02 17:55:27.708,300
2022-12-02 17:55:41.036,300
2022-12-02 17:55:42.333,301
2022-12-02 17:55:45.255,301
2022-12-02 17:55:47.927,301
2022-12-02 17:55:58.944,301
2022-12-02 17:56:01.506,301
2022-12-02 17:56:01.944,302
2022-12-02 17:56:03.444,302
2022-12-02 17:56:05.537,302
2022-12-02 17:56:06.319,303
2022-12-02 17:56:10.446,304
2022-12-02 17:56:14.212,304
2022-12-02 17:56:15.321,304
2022-12-02 17:56:15.727,304
2022-12-02 17:56:16.149,305
2022-12-02 17:56:19.383,306
2022-12-02 17:56:22.852,306
2022-12-02 17:56:22.868,307
2022-12-02 17:56:24.149,307
2022-12-02 17:56:24.993,307
2022-12-02 17:56:26.118,308
2022-12-02 17:56:28.665,309
2022-12-02 17:56:30.711,309
2022-12-02 17:56:36.102,309
2022-12-02 17:56:38.400,309
2022-12-02 17:56:41.447,309
2022-12-02 17:56:41.681,310
2022-12-02 17:56:48.573,311
2022-12-02 17:56:49.715,312
2022-12-02 17:56:58.527,313
2022-12-02 17:57:09.809,313
2022-12-02 17:57:09.950,314
2022-12-02 17:57:09.950,314
2022-12-02 17:57:10.122,315
2022-12-02 17:57:10.497,316
2022-12-02 17:57:18.106,316
2022-12-02 17:57:22.247,317
2022-12-02 17:57:24.200,318
2022-12-02 17:57:26.747,318
2022-12-02 17:57:27.950,319
2022-12-02 17:57:30.700,320
2022-12-02 17:57:35.106,321
2022-12-02 17:57:38.262,322
2022-12-02 17:57:43.887,323
2022-12-02 17:57:59.841,324
2022-12-02 17:58:04.934,325
2022-12-02 17:58:05.497,326
2022-12-02 17:58:06.606,327
2022-12-02 17:58:12.465,247
2022-12-02 17:58:14.012,248
2022-12-02 17:58:14.653,249
2022-12-02 17:58:18.231,250
2022-12-02 17:58:20.249,249
2022-12-02 17:58:21.061,250
2022-12-02 17:58:21.577,250
2022-12-02 17:58:23.077,250
2022-12-02 17:58:23.155,250
2022-12-02 17:58:23.499,251
2022-12-02 17:58:23.514,252
2022-12-02 17:58:24.436,253
2022-12-02 17:58:27.311,255
2022-12-02 17:58:27.639,255
2022-12-02 17:58:29.452,254
2022-12-02 17:58:29.624,255
2022-12-02 17:58:30.844,255
2022-12-02 17:58:34.782,255
2022-12-02 17:58:36.032,255
2022-12-02 17:58:43.907,255
2022-12-02 17:58:44.875,255
2022-12-02 17:58:46.594,256
2022-12-02 17:58:52.969,257
2022-12-02 17:59:02.845,258
2022-12-02 17:59:03.470,259
2022-12-02 17:59:14.626,260
2022-12-02 17:59:15.345,261
2022-12-02 17:59:24.706,263
2022-12-02 17:59:26.237,261
2022-12-02 17:59:29.909,261
2022-12-02 17:59:30.847,261
2022-12-02 17:59:35.286,262
2022-12-02 17:59:41.411,262
2022-12-02 17:59:42.099,263
2022-12-02 17:59:42.740,263
2022-12-02 17:59:43.177,263
2022-12-02 17:59:44.302,264
2022-12-02 17:59:45.786,264
2022-12-02 17:59:47.990,265
2022-12-02 17:59:53.599,265
2022-12-02 17:59:54.646,266
2022-12-02 17:59:57.536,266
2022-12-02 17:59:57.677,267
2022-12-02 18:00:02.271,268
2022-12-02 18:00:05.239,268
2022-12-02 18:00:10.099,268
2022-12-02 18:00:13.302,268
2022-12-02 18:00:15.380,269
2022-12-02 18:00:23.552,270
2022-12-02 18:00:32.790,269
2022-12-02 18:00:32.884,270
2022-12-02 18:00:38.227,270
2022-12-02 18:00:42.368,271
2022-12-02 18:00:46.587,271
2022-12-02 18:00:52.370,272
2022-12-02 18:00:53.229,272
2022-12-02 18:01:01.796,273
2022-12-02 18:01:02.687,274
2022-12-02 18:01:02.890,275
2022-12-02 18:01:04.234,275
2022-12-02 18:01:04.281,276
2022-12-02 18:01:04.281,276
2022-12-02 18:01:18.516,276
2022-12-02 18:01:19.970,277
2022-12-02 18:01:23.611,278
2022-12-02 18:01:24.267,278
2022-12-02 18:01:27.692,277
2022-12-02 18:01:27.801,277
2022-12-02 18:01:28.738,278
2022-12-02 18:01:29.520,280
2022-12-02 18:01:29.520,280
2022-12-02 18:01:31.363,281
2022-12-02 18:01:34.270,282
2022-12-02 18:01:40.633,283
2022-12-02 18:01:44.000,283
2022-12-02 18:01:46.969,283
2022-12-02 18:01:59.939,283
2022-12-02 18:01:59.955,283
2022-12-02 18:02:00.033,284
2022-12-02 18:02:11.236,285
2022-12-02 18:02:12.283,285
2022-12-02 18:02:18.347,286
2022-12-02 18:02:27.334,286
2022-12-02 18:02:27.631,287
2022-12-02 18:02:31.803,287
2022-12-02 18:02:36.054,286
2022-12-02 18:02:36.741,287
2022-12-02 18:02:39.554,288
2022-12-02 18:02:44.976,288
2022-12-02 18:02:48.179,289
2022-12-02 18:02:57.367,288
2022-12-02 18:02:58.726,289
2022-12-02 18:03:00.429,290
2022-12-02 18:03:05.378,291
2022-12-02 18:03:11.221,291
2022-12-02 18:03:14.112,237
2022-12-02 18:03:17.456,228
2022-12-02 18:03:34.927,228
2022-12-02 18:03:40.255,229
2022-12-02 18:03:45.630,230
2022-12-02 18:03:47.223,231
2022-12-02 18:03:49.192,231
2022-12-02 18:03:49.975,232
2022-12-02 18:04:07.274,232
2022-12-02 18:04:08.274,233
2022-12-02 18:04:10.727,233
2022-12-02 18:04:12.305,233
2022-12-02 18:04:14.602,232
2022-12-02 18:04:15.711,233
2022-12-02 18:04:21.149,234
2022-12-02 18:04:21.867,234
2022-12-02 18:04:26.633,235
2022-12-02 18:04:31.494,236
2022-12-02 18:04:39.218,236
2022-12-02 18:04:39.718,236
2022-12-02 18:04:40.767,237
2022-12-02 18:04:44.642,237
2022-12-02 18:04:45.329,238
2022-12-02 18:04:46.689,239
2022-12-02 18:04:48.626,239
2022-12-02 18:04:48.798,239
2022-12-02 18:04:53.157,240
2022-12-02 18:04:53.407,240
2022-12-02 18:04:57.736,241
2022-12-02 18:05:00.675,242
2022-12-02 18:05:03.394,242
2022-12-02 18:05:07.362,242
2022-12-02 18:05:09.206,242
2022-12-02 18:05:09.456,243
2022-12-02 18:05:20.599,242
2022-12-02 18:05:21.287,242
2022-12-02 18:05:21.537,243
2022-12-02 18:05:24.630,244
2022-12-02 18:05:29.255,245
2022-12-02 18:05:40.243,245
2022-12-02 18:05:42.196,245
2022-12-02 18:05:50.090,245
2022-12-02 18:05:54.371,245
2022-12-02 18:06:02.471,246
2022-12-02 18:06:06.737,246
2022-12-02 18:06:08.737,246
2022-12-02 18:06:16.004,246
2022-12-02 18:06:17.425,247
2022-12-02 18:06:22.613,247
2022-12-02 18:06:30.692,248
2022-12-02 18:06:36.273,248
2022-12-02 18:06:37.445,248
2022-12-02 18:06:38.195,249
2022-12-02 18:06:39.211,250
2022-12-02 18:06:44.070,251
2022-12-02 18:06:44.133,252
2022-12-02 18:06:44.695,252
2022-12-02 18:06:44.852,253
2022-12-02 18:06:49.652,254
2022-12-02 18:06:58.893,254
2022-12-02 18:07:01.675,255
2022-12-02 18:07:06.456,256
2022-12-02 18:07:11.442,257
2022-12-02 18:07:17.384,258
2022-12-02 18:07:18.932,258
2022-12-02 18:07:23.012,258
2022-12-02 18:07:31.216,258
2022-12-02 18:07:33.420,259
2022-12-02 18:07:36.889,260
2022-12-02 18:07:39.078,261
2022-12-02 18:07:39.562,261
2022-12-02 18:07:40.937,261
2022-12-02 18:07:49.566,262
2022-12-02 18:07:50.316,263
2022-12-02 18:07:53.803,264
2022-12-02 18:07:55.163,265
2022-12-02 18:08:00.211,266
2022-12-02 18:08:05.873,267
2022-12-02 18:08:06.201,267
2022-12-02 18:08:06.279,268
2022-12-02 18:08:08.108,268
2022-12-02 18:08:10.779,268
2022-12-02 18:08:16.282,232
2022-12-02 18:08:19.002,206
2022-12-02 18:08:20.002,206
2022-12-02 18:08:22.989,207
2022-12-02 18:08:28.692,208
2022-12-02 18:08:29.833,208
2022-12-02 18:08:34.959,208
2022-12-02 18:08:45.678,208
2022-12-02 18:08:46.022,209
2022-12-02 18:08:50.149,210
2022-12-02 18:09:01.885,209
2022-12-02 18:09:03.666,210
2022-12-02 18:09:07.088,210
2022-12-02 18:09:08.791,211
2022-12-02 18:09:11.557,211
2022-12-02 18:09:21.917,211
2022-12-02 18:09:22.386,211
2022-12-02 18:09:23.089,212
2022-12-02 18:09:33.857,212
2022-12-02 18:09:40.107,212
2022-12-02 18:09:44.733,212
2022-12-02 18:09:52.640,212
2022-12-02 18:09:53.077,212
2022-12-02 18:09:54.546,213
2022-12-02 18:10:13.831,214
2022-12-02 18:10:22.832,214
2022-12-02 18:10:27.395,215
2022-12-02 18:10:33.771,216
2022-12-02 18:10:36.459,217
2022-12-02 18:10:42.038,217
2022-12-02 18:10:43.881,218
2022-12-02 18:10:48.694,219
2022-12-02 18:10:51.751,220
2022-12-02 18:10:54.829,220
2022-12-02 18:10:55.157,220
2022-12-02 18:10:55.736,221
2022-12-02 18:10:58.987,221
2022-12-02 18:11:07.003,221
2022-12-02 18:11:10.222,221
2022-12-02 18:11:11.536,221
2022-12-02 18:11:17.614,222
2022-12-02 18:11:23.802,222
2022-12-02 18:11:24.490,223
2022-12-02 18:11:38.528,222
2022-12-02 18:11:38.622,223
2022-12-02 18:11:44.452,223
2022-12-02 18:11:48.030,222
2022-12-02 18:11:49.796,223
2022-12-02 18:11:56.486,223
2022-12-02 18:12:00.564,223
2022-12-02 18:12:00.845,223
2022-12-02 18:12:05.268,224
2022-12-02 18:12:05.549,225
2022-12-02 18:12:18.977,226
2022-12-02 18:12:20.399,227
2022-12-02 18:12:21.790,228
2022-12-02 18:12:24.337,229
2022-12-02 18:12:26.868,230
2022-12-02 18:12:28.681,230
2022-12-02 18:12:35.527,230
2022-12-02 18:12:38.684,230
2022-12-02 18:12:40.138,230
2022-12-02 18:12:47.955,231
2022-12-02 18:12:50.517,231
2022-12-02 18:12:54.381,231
2022-12-02 18:12:59.702,232
2022-12-02 18:13:00.671,233
2022-12-02 18:13:03.785,233
2022-12-02 18:13:15.041,233
2022-12-02 18:13:16.291,234
2022-12-02 18:13:22.815,171
2022-12-02 18:13:23.908,172
2022-12-02 18:13:25.925,173
2022-12-02 17:35:39.175,477
2022-12-02 17:35:41.285,477
2022-12-02 17:35:44.269,478
2022-12-02 17:35:44.285,477
2022-12-02 17:35:44.879,476
2022-12-02 17:35:45.769,476
2022-12-02 17:35:45.863,477
2022-12-02 17:35:47.785,478
2022-12-02 17:35:53.348,478
2022-12-02 17:35:53.473,479
2022-12-02 17:35:53.613,480
2022-12-02 17:35:55.145,480
2022-12-02 17:35:57.692,480
2022-12-02 17:36:03.286,480
2022-12-02 17:36:05.943,480
2022-12-02 17:36:06.599,480
2022-12-02 17:36:07.193,480
2022-12-02 17:36:11.224,480
2022-12-02 17:36:14.927,481
2022-12-02 17:36:17.427,481
2022-12-02 17:36:22.241,481
2022-12-02 17:36:22.522,482
2022-12-02 17:36:24.773,482
2022-12-02 17:36:26.851,482
2022-12-02 17:36:33.976,482
2022-12-02 17:36:34.304,483
2022-12-02 17:36:34.804,483
2022-12-02 17:36:37.367,484
2022-12-02 17:36:37.789,485
2022-12-02 17:36:42.929,484
2022-12-02 17:36:43.695,485
2022-12-02 17:36:43.929,486
2022-12-02 17:36:48.259,486
2022-12-02 17:36:51.588,487
2022-12-02 17:36:52.478,488
2022-12-02 17:36:53.853,488
2022-12-02 17:36:55.963,488
2022-12-02 17:36:56.322,489
2022-12-02 17:36:56.807,489
2022-12-02 17:37:01.932,490
2022-12-02 17:37:03.010,489
2022-12-02 17:37:07.229,488
2022-12-02 17:37:07.245,489
2022-12-02 17:37:07.698,490
2022-12-02 17:37:09.495,491
2022-12-02 17:37:13.573,490
2022-12-02 17:37:14.589,491
2022-12-02 17:37:17.276,490
2022-12-02 17:37:17.605,491
2022-12-02 17:37:20.605,492
2022-12-02 17:37:21.714,492
2022-12-02 17:37:28.339,492
2022-12-02 17:37:28.792,493
2022-12-02 17:37:29.402,493
2022-12-02 17:37:33.480,491
2022-12-02 17:37:34.011,492
2022-12-02 17:37:35.699,493
2022-12-02 17:37:36.808,494
2022-12-02 17:37:37.043,495
2022-12-02 17:37:41.154,495
2022-12-02 17:37:43.280,497
2022-12-02 17:37:45.639,496
2022-12-02 17:37:46.608,496
2022-12-02 17:37:53.250,454
2022-12-02 17:37:53.718,442
2022-12-02 17:37:54.921,412
2022-12-02 17:37:56.108,385
2022-12-02 17:37:56.640,385
2022-12-02 17:37:58.546,386
2022-12-02 17:37:58.593,386
2022-12-02 17:37:59.218,387
2022-12-02 17:37:59.562,389
2022-12-02 17:37:59.687,389
2022-12-02 17:38:03.062,387
2022-12-02 17:38:04.171,388
2022-12-02 17:38:04.624,389
2022-12-02 17:38:09.078,388
2022-12-02 17:38:09.468,389
2022-12-02 17:38:09.515,390
2022-12-02 17:38:11.734,391
2022-12-02 17:38:12.468,392
2022-12-02 17:38:14.500,393
2022-12-02 17:38:15.406,392
2022-12-02 17:38:15.515,394
2022-12-02 17:38:15.562,395
2022-12-02 17:38:15.672,394
2022-12-02 17:38:15.672,395
2022-12-02 17:38:17.156,396
2022-12-02 17:38:17.703,396
2022-12-02 17:38:19.062,396
2022-12-02 17:38:19.250,397
2022-12-02 17:38:20.093,398
2022-12-02 17:38:24.312,399
2022-12-02 17:38:30.125,399
2022-12-02 17:38:32.219,398
2022-12-02 17:38:32.859,399
2022-12-02 17:38:34.000,400
2022-12-02 17:38:36.688,400
2022-12-02 17:38:38.047,401
2022-12-02 17:38:40.438,399
2022-12-02 17:38:40.875,400
2022-12-02 17:38:42.141,401
2022-12-02 17:38:42.344,401
2022-12-02 17:38:42.766,402
2022-12-02 17:38:44.313,400
2022-12-02 17:38:45.782,400
2022-12-02 17:38:45.813,401
2022-12-02 17:38:48.610,401
2022-12-02 17:38:53.282,401
2022-12-02 17:38:54.782,402
2022-12-02 17:38:56.001,402
2022-12-02 17:38:59.157,403
2022-12-02 17:39:00.360,403
2022-12-02 17:39:04.704,403
2022-12-02 17:39:06.923,403
2022-12-02 17:39:07.876,403
2022-12-02 17:39:14.064,403
2022-12-02 17:39:15.657,404
2022-12-02 17:39:15.657,405
2022-12-02 17:39:16.220,406
2022-12-02 17:39:19.626,406
2022-12-02 17:39:20.470,405
2022-12-02 17:39:20.767,409
2022-12-02 17:39:20.876,409
2022-12-02 17:39:21.126,407
2022-12-02 17:39:21.251,408
2022-12-02 17:39:28.564,409
2022-12-02 17:39:34.753,409
2022-12-02 17:39:37.253,410
2022-12-02 17:39:37.362,410
2022-12-02 17:39:37.878,411
2022-12-02 17:39:41.347,411
2022-12-02 17:39:42.862,411
2022-12-02 17:39:45.896,411
2022-12-02 17:39:46.724,411
2022-12-02 17:39:49.458,411
2022-12-02 17:39:53.771,412
2022-12-02 17:39:55.927,412
2022-12-02 17:39:56.005,413
2022-12-02 17:39:59.555,410
2022-12-02 17:39:59.852,411
2022-12-02 17:40:00.493,411
2022-12-02 17:40:01.134,412
2022-12-02 17:40:01.525,413
2022-12-02 17:40:01.697,413
2022-12-02 17:40:03.697,413
2022-12-02 17:40:04.931,413
2022-12-02 17:40:06.244,414
2022-12-02 17:40:12.009,415
2022-12-02 17:40:13.259,413
2022-12-02 17:40:14.306,414
2022-12-02 17:40:15.025,414
2022-12-02 17:40:15.900,415
2022-12-02 17:40:17.181,416
2022-12-02 17:40:18.603,417
2022-12-02 17:40:18.853,417
2022-12-02 17:40:20.806,419
2022-12-02 17:40:22.010,419
2022-12-02 17:40:24.635,420
2022-12-02 17:40:25.182,421
2022-12-02 17:40:25.478,421
2022-12-02 17:40:28.932,421
2022-12-02 17:40:29.557,421
2022-12-02 17:40:33.854,422
2022-12-02 17:40:34.182,422
2022-12-02 17:40:34.791,423
2022-12-02 17:40:39.338,423
2022-12-02 17:40:40.807,423
2022-12-02 17:40:41.526,423
2022-12-02 17:40:45.057,424
2022-12-02 17:40:49.354,424
2022-12-02 17:40:49.620,424
2022-12-02 17:40:53.042,423
2022-12-02 17:40:53.541,424
2022-12-02 17:40:58.542,424
2022-12-02 17:41:03.948,424
2022-12-02 17:41:05.401,424
2022-12-02 17:41:05.776,425
2022-12-02 17:41:05.839,426
2022-12-02 17:41:08.511,426
2022-12-02 17:41:08.901,426
2022-12-02 17:41:11.089,426
2022-12-02 17:41:11.511,427
2022-12-02 17:41:11.651,428
2022-12-02 17:41:17.136,428
2022-12-02 17:41:20.995,428
2022-12-02 17:41:21.276,428
2022-12-02 17:41:22.433,428
2022-12-02 17:41:24.589,429
2022-12-02 17:41:25.136,429
2022-12-02 17:41:25.323,430
2022-12-02 17:41:30.980,431
2022-12-02 17:41:34.683,431
2022-12-02 17:41:36.074,432
2022-12-02 17:41:38.230,432
2022-12-02 17:41:42.313,432
2022-12-02 17:41:43.000,432
2022-12-02 17:41:43.657,433
2022-12-02 17:41:43.969,434
2022-12-02 17:41:46.641,434
2022-12-02 17:41:46.719,435
2022-12-02 17:41:48.391,435
2022-12-02 17:41:48.594,436
2022-12-02 17:41:52.594,436
2022-12-02 17:41:54.766,436
2022-12-02 17:41:57.129,436
2022-12-02 17:42:03.194,437
2022-12-02 17:42:04.491,436
2022-12-02 17:42:05.350,435
2022-12-02 17:42:05.944,436
2022-12-02 17:42:07.304,436
2022-12-02 17:42:07.319,437
2022-12-02 17:42:17.210,436
2022-12-02 17:42:18.023,437
2022-12-02 17:42:21.273,436
2022-12-02 17:42:22.164,437
2022-12-02 17:42:25.336,438
2022-12-02 17:42:31.320,438
2022-12-02 17:42:33.008,438
2022-12-02 17:42:33.727,438
2022-12-02 17:42:35.524,438
2022-12-02 17:42:36.242,439
2022-12-02 17:42:38.292,439
2022-12-02 17:42:38.995,437
2022-12-02 17:42:39.198,438
2022-12-02 17:42:39.683,439
2022-12-02 17:42:40.261,439
2022-12-02 17:42:42.308,440
2022-12-02 17:42:42.542,441
2022-12-02 17:42:42.699,442
2022-12-02 17:42:43.058,442
2022-12-02 17:42:45.590,441
2022-12-02 17:42:45.996,442
2022-12-02 17:42:47.840,443
2022-12-02 17:42:48.043,443
2022-12-02 17:42:50.527,443
2022-12-02 17:42:50.824,444
2022-12-02 17:42:52.574,445
2022-12-02 17:42:52.590,447
2022-12-02 17:42:52.590,448
2022-12-02 17:42:52.606,448
2022-12-02 17:42:52.606,448
2022-12-02 17:42:52.621,450
2022-12-02 17:42:52.621,451
2022-12-02 17:42:52.637,451
2022-12-02 17:42:53.028,451
2022-12-02 17:42:53.215,452
2022-12-02 17:42:55.559,452
2022-12-02 17:43:05.122,345
2022-12-02 17:43:05.981,346
2022-12-02 17:43:08.825,346
2022-12-02 17:43:09.622,347
2022-12-02 17:43:10.153,348
2022-12-02 17:43:11.981,348
2022-12-02 17:43:12.122,349
2022-12-02 17:43:13.231,350
2022-12-02 17:43:15.326,351
2022-12-02 17:43:15.638,351
2022-12-02 17:43:18.951,351
2022-12-02 17:43:21.734,350
2022-12-02 17:43:22.515,351
2022-12-02 17:43:25.624,353
2022-12-02 17:43:27.781,352
2022-12-02 17:43:28.734,353
2022-12-02 17:43:29.109,352
2022-12-02 17:43:31.312,353
2022-12-02 17:43:31.359,353
2022-12-02 17:43:34.078,353
2022-12-02 17:43:34.750,354
2022-12-02 17:43:38.406,353
2022-12-02 17:43:38.687,354
2022-12-02 17:43:40.015,355
2022-12-02 17:43:40.500,355
2022-12-02 17:43:42.578,356
2022-12-02 17:43:46.000,356
2022-12-02 17:43:46.937,357
2022-12-02 17:43:47.547,357
2022-12-02 17:43:50.125,358
2022-12-02 17:43:53.078,359
2022-12-02 17:43:59.844,359
2022-12-02 17:44:01.516,359
2022-12-02 17:44:05.656,358
2022-12-02 17:44:05.891,359
2022-12-02 17:44:08.485,359
2022-12-02 17:44:17.657,359
2022-12-02 17:44:20.626,359
2022-12-02 17:44:20.923,360
2022-12-02 17:44:23.548,360
2022-12-02 17:44:24.079,361
2022-12-02 17:44:25.376,361
2022-12-02 17:44:26.829,361
2022-12-02 17:44:28.173,362
2022-12-02 17:44:31.564,363
2022-12-02 17:44:38.268,364
2022-12-02 17:44:39.549,364
2022-12-02 17:44:39.658,365
2022-12-02 17:44:40.018,365
2022-12-02 17:44:40.205,365
2022-12-02 17:44:41.393,365
2022-12-02 17:44:46.205,366
2022-12-02 17:44:48.348,366
2022-12-02 17:44:48.520,367
2022-12-02 17:44:48.832,367
2022-12-02 17:44:50.192,367
2022-12-02 17:44:52.692,368
2022-12-02 17:44:55.208,368
2022-12-02 17:44:56.004,369
2022-12-02 17:44:56.723,369
2022-12-02 17:44:59.866,370
2022-12-02 17:45:02.600,369
2022-12-02 17:45:02.725,370
2022-12-02 17:45:02.881,370
2022-12-02 17:45:02.912,370
2022-12-02 17:45:07.725,370
2022-12-02 17:45:11.772,370
2022-12-02 17:45:16.428,371
2022-12-02 17:45:20.850,369
2022-12-02 17:45:21.600,370
2022-12-02 17:45:21.600,371
2022-12-02 17:45:24.991,372
2022-12-02 17:45:27.022,372
2022-12-02 17:45:31.975,372
2022-12-02 17:45:32.553,372
2022-12-02 17:45:33.132,373
2022-12-02 17:45:33.491,373
2022-12-02 17:45:36.210,373
2022-12-02 17:45:36.663,373
2022-12-02 17:45:36.991,374
2022-12-02 17:45:37.741,375
2022-12-02 17:45:41.350,375
2022-12-02 17:45:44.007,375
2022-12-02 17:45:51.039,374
2022-12-02 17:45:51.554,375
2022-12-02 17:45:53.789,376
2022-12-02 17:45:54.008,376
2022-12-02 17:45:54.914,376
2022-12-02 17:45:55.664,376
2022-12-02 17:45:59.617,377
2022-12-02 17:46:07.242,377
2022-12-02 17:46:12.617,378
2022-12-02 17:46:22.023,378
2022-12-02 17:46:22.352,379
2022-12-02 17:46:28.148,380
2022-12-02 17:46:29.336,381
2022-12-02 17:46:31.117,382
2022-12-02 17:46:31.586,383
2022-12-02 17:46:36.586,382
2022-12-02 17:46:37.540,383
2022-12-02 17:46:39.118,382
2022-12-02 17:46:39.258,383
2022-12-02 17:46:41.118,383
2022-12-02 17:46:43.430,383
2022-12-02 17:46:47.946,383
2022-12-02 17:46:48.868,383
2022-12-02 17:46:48.884,383
2022-12-02 17:46:50.180,383
2022-12-02 17:46:50.743,383
2022-12-02 17:46:53.087,383
2022-12-02 17:46:53.415,385
2022-12-02 17:46:55.619,384
2022-12-02 17:46:56.509,385
2022-12-02 17:47:00.072,384
2022-12-02 17:47:00.931,385
2022-12-02 17:47:05.666,386
2022-12-02 17:47:07.041,387
2022-12-02 17:47:09.041,387
2022-12-02 17:47:11.666,387
2022-12-02 17:47:15.884,386
2022-12-02 17:47:16.259,386
2022-12-02 17:47:16.791,387
2022-12-02 17:47:16.947,388
2022-12-02 17:47:17.494,389
2022-12-02 17:47:23.119,389
2022-12-02 17:47:24.791,388
2022-12-02 17:47:25.244,389
2022-12-02 17:47:25.416,390
2022-12-02 17:47:27.354,390
2022-12-02 17:47:27.479,391
2022-12-02 17:47:30.182,391
2022-12-02 17:47:33.073,391
2022-12-02 17:47:33.916,392
2022-12-02 17:47:37.588,392
2022-12-02 17:47:38.698,392
